ID,OtherLong,Other
94,*Agave Syrup,Agave Syrup
95,*Almonds,Almonds
96,*Allspice,Allspice
98,*Bay Leaves,Bay Leaves
99,*Bitter Orange Peel,Bitter Orange Peel
100,*Blackberry,Blackberry
101,*Blackberry Concentrate,Blackberry Concentrate
102,*Blackcurrant,Blackcurrant
103,*Blackcurrant Concentrate,Blackcurrant Concentrate
104,*Blood Orange,Blood Orange
105,*Blueberries,Blueberries
106,*Blueberry Concentrate,Blueberry Concentrate
107,*Cocoa,Cocoa
108,*Cocoa Nibs,Cocoa Nibs
109,*Caraway,Caraway
110,*Cascara,Cascara
118,*Chilli,Chilli
119,*Chilli Powder,Chilli Powder
120,*Cinnamon,Cinnamon
121,*Cloudberries,Cloudberries
122,*Clove,Clove
123,*Coconut Chips,Coconut Chips
124,*Coffee,Coffee
125,*Coffee Beans,Coffee Beans
126,*Cold Infused Coffee,Cold Infused Coffee
127,*Columbus Extract,Columbus Extract
128,*Coriander,Coriander
129,*Coriander Seeds,Coriander Seeds
130,*Cranberry,Cranberry
131,*Cranberry juice,Cranberry juice
132,*Crushed Coridaner Seeds,Crushed Coridaner Seeds
133,*Cucumber,Cucumber
134,*Cumin,Cumin
135,*Dark Musvado Sugar,Dark Musvado Sugar
136,*Elderflower,Elderflower
137,*Fresh Limes,Fresh Limes
138,*Ginger,Ginger
139,*Ginger Powder,Ginger Powder
140,*Grains of Paradise,Grains of Paradise
141,*Grapefruit Peel,Grapefruit Peel
142,*Ground coffee,Ground coffee
143,*Habanero,Habanero
144,*Habanero Powder,Habanero Powder
145,*Hibiscus,Hibiscus
146,*Honey,Honey
147,*Indian Coriander,Indian Coriander
148,*Jasmine,Jasmine
150,*Juniper Berries,Juniper Berries
151,*Lactose,Lactose
152,*Lemon,Lemon
153,*Lemon Drop Chili,Lemon Drop Chili
154,*Lemon Peel,Lemon Peel
155,*Limonnik berries,Limonnik berries
156,*Lingonberries,Lingonberries
157,*Liquorice,Liquorice
158,*Mango,Mango
159,*Mango Puree,Mango Puree
160,*Mangoes (5 Pureed),Mangoes (5 Pureed)
161,*Maple Syrup,Maple Syrup
162,*Melon,Melon
163,*Mint,Mint
164,*Nutmeg,Nutmeg
165,*Oak Chips,Oak Chips
166,*Oak Chips soaked in Mezcal,Oak Chips soaked in Mezcal
167,*Oat Husks,Oat Husks
168,*Orange,Orange
169,*Orange blossom honey,Orange blossom honey
170,*Orange Peel,Orange Peel
171,*Peppercorns,Peppercorns
172,*Peppercorns (Pink),Peppercorns (Pink)
173,*Perigold Truffle,Perigold Truffle
174,*Pineapple,Pineapple
175,*Pumkin puree,Pumkin puree
176,*Raisins,Raisins
177,*Raspberries,Raspberries
178,*Rhubarb,Rhubarb
179,*Roasted Hazelnuts,Roasted Hazelnuts
180,*Rosemary,Rosemary
181,*Sea Buckthorn,Sea Buckthorn
182,*Sea Buckthorn Puree,Sea Buckthorn Puree
183,*Sour Cherry,Sour Cherry
184,*Sour Cherry Puree,Sour Cherry Puree
185,*Star Anise,Star Anise
186,*Sweet Cherry,Sweet Cherry
187,*Sweet Orange Peel,Sweet Orange Peel
188,*Toasted Coconut Chips,Toasted Coconut Chips
189,*Vanilla,Vanilla
190,*Vanilla Extract,Vanilla Extract
191,*Vanilla Pods,Vanilla Pods
192,*Whole Chilli,Whole Chilli
193,*Yuzu Juice,Yuzu Juice
194,*Yuzu juice (ml),Yuzu juice (ml)
195,*Oak Chips soaked in Islay,Oak Chips soaked in Islay
196,*Oak Chips soaked in Jura,Oak Chips soaked in Jura
197,*Guarana Powder,Guarana Powder
198,*Kola Nut Powder,Kola Nut Powder
199,*Poppy Seed,Poppy Seed
200,*Heather Honey,Heather Honey
201,*Strawberries,Strawberries
202,*Oak Chips soaked in Highland,Oak Chips soaked in Highland
203,*Oak Chips soaked in Lowland,Oak Chips soaked in Lowland
204,*Naga Chilli,Naga Chilli
205,*White Cane Sugar,White Cane Sugar
206,*Wasabi Powder,Wasabi Powder
207,*Wasabi Paste,Wasabi Paste
208,*Sea Salt,Sea Salt
209,*Rum (ml),Rum (ml)
210,*Tayberries,Tayberries
211,*Purple Raspberries,Purple Raspberries
212,*Toasted Oak Chips,Toasted Oak Chips
213,*Highland Toffee (bars),Highland Toffee (bars)
214,*Lycil Berries,Lycil Berries
215,*Ginseng,Ginseng
216,*Kolabu,Kolabu
217,*Gingko,Gingko
218,*Matcha Tea,Matcha Tea
219,*Maca Powder,Maca Powder
220,*Rum soaked raisins,Rum soaked raisins
221,*Oak Chips soaked in Rum,Oak Chips soaked in Rum
222,*Coriander Powder,Coriander Powder
223,*Chipotle Peppers,Chipotle Peppers
224,*Bramble,Bramble
225,*Popcorn,Popcorn
226,*Passionfruit,Passionfruit
227,*Raspberry Puree,Raspberry Puree
228,*Cherry Concentrate,Cherry Concentrate
229,*Bitter Almond Extract,Bitter Almond Extract
230,*Tahitian Vanilla Beans,Tahitian Vanilla Beans
231,*Peach,Peach
232,*Apricot,Apricot
